"topic","app","response_time","throughput","drop_rate"
"medicalanalysis","N1","0.46987197223978316","1.7040234629390456","0.0"
"dataanalytics","N1","0.5385771427622423","1.3963979185970612","0.0"
"medicalanalysis","N7","0.47009390637658993","1.7040234629390456","0.0"
"dataanalytics","N7","0.5373353435347619","1.3963979185970612","0.0"
"dataanalytics","N8","0.5366817978616847","1.3963979185970612","0.0"
"dataanalytics","N9","0.5367231139674653","1.3963979185970612","0.0"
"compliance","N7","0.4197253989223423","0.8408079531788594","0.0"
