"topic","app","response_time","throughput","drop_rate"
"medicalanalysis","n1","0.46097216459440365","1.6504433387434938","0.0"
"dataanalytics","n1","0.5268670927642523","1.3977594601197978","0.0"
"medicalanalysis","n7","0.4609297437799266","1.6504433387434938","0.0"
"dataanalytics","n7","0.5265692618608716","1.3977594601197978","0.0"
"dataanalytics","n8","0.5338932490155827","1.3977594601197978","0.0"
"dataanalytics","n9","0.5327411252568885","1.3977594601197978","0.0"
"compliance","n7","0.4186845325193585","0.8420821258277412","0.0"
