"topic","app","response_time","throughput","drop_rate"
"medicalanalysis","N1","0.4550569777626769","1.6602126483763093","0.0"
"dataanalytics","N1","0.5334521746581307","1.3964181364928914","0.0"
"medicalanalysis","N7","0.45595810398681275","1.6602126483763093","0.0"
"dataanalytics","N7","0.533652495170951","1.3964181364928914","0.0"
"dataanalytics","N8","0.5365015668385508","1.3964181364928914","0.0"
"dataanalytics","N9","0.5367780647162999","1.3964181364928914","0.0"
"compliance","N7","0.42644598237804043","0.8402961065550084","0.0"
