"topic","app","response_time","throughput","drop_rate"
"medicalanalysis","N1","0.4640589694914505","1.66077906351134","0.0"
"dataanalytics","N1","0.5353254019964944","1.3919067167439345","0.0"
"medicalanalysis","N7","0.4675855393299993","1.66077906351134","0.0"
"dataanalytics","N7","0.5530451841580586","1.3919067167439345","0.0"
"dataanalytics","N8","0.552196418899708","1.3919067167439345","0.0"
"dataanalytics","N9","0.5264370999949206","1.3919067167439345","0.0"
"compliance","N7","0.4137985443181787","0.835905770926998","0.0"
