"topic","app","response_time","throughput","drop_rate"
"medicalanalysis","N1","0.4494932333482855","1.6516698520487156","0.0"
"dataanalytics","N1","0.5233481252219748","1.391077210067697","0.0"
"medicalanalysis","N7","0.4515134345812799","1.6516698520487156","0.0"
"dataanalytics","N7","0.5225449563466629","1.391077210067697","0.0"
"dataanalytics","N8","0.5243511598921295","1.391077210067697","0.0"
"dataanalytics","N9","0.5220798391192979","1.391077210067697","0.0"
"compliance","N7","0.41629359074625627","0.8635212156154141","0.0"
