"topic","app","response_time","throughput","drop_rate"
"medicalanalysis","N1","0.46515489941809934","1.6303180030494806","0.0"
"dataanalytics","N1","0.5348315704572978","1.3991444142235279","0.0"
"medicalanalysis","N7","0.4663994521271113","1.6303180030494806","0.0"
"dataanalytics","N7","0.5348267473515312","1.3991444142235279","0.0"
"dataanalytics","N8","0.531508841621989","1.3991444142235279","0.0"
"dataanalytics","N9","0.547052383421816","1.3991444142235279","0.0"
"compliance","N7","0.42691715747867043","0.8410823296101221","0.0"
