"topic","app","response_time","throughput","drop_rate"
"medicalanalysis","N1","0.4619227943227571","1.6581477560914009","0.0"
"dataanalytics","N1","0.5440368741713948","1.4072845671691734","0.0"
"medicalanalysis","N7","0.466413736979412","1.6581477560914009","0.0"
"dataanalytics","N7","0.538330465108871","1.4072845671691734","0.0"
"dataanalytics","N8","0.5370304258624046","1.4072845671691734","0.0"
"dataanalytics","N9","0.545410244014682","1.4072845671691734","0.0"
"compliance","N7","0.425179272418451","0.8254608971982429","0.0"
