"topic","app","response_time","throughput","drop_rate"
"medicalanalysis","N1","0.4344896668536735","1.6531921305139408","0.0"
"dataanalytics","N1","0.5195886856551508","1.3735427858135345","0.0"
"medicalanalysis","N7","0.43458780475632647","1.6531921305139408","0.0"
"dataanalytics","N7","0.5194128490655697","1.3735427858135345","0.0"
"dataanalytics","N8","0.5171288435474541","1.3735427858135345","0.0"
"dataanalytics","N9","0.5181115147224264","1.3735427858135345","0.0"
"compliance","N7","0.4125739056755095","0.8368555137931712","0.0"
