"topic","app","response_time","throughput","drop_rate"
"medicalanalysis","N1","0.4345106153159759","1.6439959664036035","0.0"
"dataanalytics","N1","0.5008256801277167","1.3837385478254633","0.0"
"medicalanalysis","N7","0.4344395925887064","1.6439959664036035","0.0"
"dataanalytics","N7","0.5037299757677116","1.3837385478254633","0.0"
"dataanalytics","N8","0.5022078916661814","1.3837385478254633","0.0"
"dataanalytics","N9","0.5005337845233195","1.3837385478254633","0.0"
"compliance","N7","0.39984658700009895","0.8476395244135542","0.0"
